case_id,fold,raw_risk,within_fold_percentile,risk_group
TCGA-4Z-AA86,0,-2.643021,0.743421052631579,3
TCGA-BL-A5ZZ,0,-2.6344256,0.993421052631579,4
TCGA-BT-A20O,0,-2.6393166,0.8355263157894737,4
TCGA-BT-A42C,0,-2.7204487,0.19078947368421054,1
TCGA-C4-A0F0,0,-2.6371922,0.9539473684210527,4
TCGA-CF-A47S,0,-2.7361622,0.006578947368421052,1
TCGA-CF-A5U8,0,-2.7337446,0.046052631578947366,1
TCGA-CF-A5UA,0,-2.7300572,0.09868421052631579,1
TCGA-CF-A9FM,0,-2.7294412,0.125,1
TCGA-DK-A1A5,0,-2.6907945,0.40131578947368424,2
TCGA-DK-A1A7,0,-2.7158446,0.23026315789473684,1
TCGA-DK-A1AA,0,-2.71285,0.26973684210526316,2
TCGA-DK-A1AB,0,-2.6385202,0.8881578947368421,4
TCGA-DK-A2HX,0,-2.655343,0.5592105263157895,3
TCGA-DK-A3WY,0,-2.6469483,0.6776315789473685,3
TCGA-DK-A6AW,0,-2.7217746,0.17763157894736842,1
TCGA-DK-A6B1,0,-2.7246933,0.1513157894736842,1
TCGA-DK-A6B2,0,-2.715122,0.24342105263157895,1
TCGA-DK-A6B6,0,-2.7338943,0.03289473684210526,1
TCGA-E5-A4TZ,0,-2.6481264,0.6513157894736842,3
TCGA-E7-A6MD,0,-2.6769266,0.4934210526315789,2
TCGA-E7-A6MF,0,-2.6792765,0.46710526315789475,2
TCGA-E7-A7XN,0,-2.6832905,0.4276315789473684,2
TCGA-E7-A97Q,0,-2.7250257,0.13815789473684212,1
TCGA-FD-A3B5,0,-2.6375723,0.9407894736842105,4
TCGA-FD-A3B8,0,-2.6376686,0.9276315789473685,4
TCGA-FD-A3NA,0,-2.7088504,0.3092105263157895,2
TCGA-FD-A3SJ,0,-2.6979213,0.34868421052631576,2
TCGA-FD-A3SL,0,-2.6833386,0.4144736842105263,2
TCGA-FD-A3SN,0,-2.6974053,0.3618421052631579,2
TCGA-FD-A5BS,0,-2.6779547,0.48026315789473684,2
TCGA-FD-A5BZ,0,-2.6521416,0.5855263157894737,3
TCGA-FJ-A3ZF,0,-2.731845,0.08552631578947369,1
TCGA-G2-A2EF,0,-2.650904,0.6118421052631579,3
TCGA-G2-A2EJ,0,-2.642527,0.7697368421052632,4
TCGA-G2-A3IB,0,-2.6368911,0.9671052631578947,4
TCGA-GC-A3BM,0,-2.6569295,0.5460526315789473,3
TCGA-GC-A3I6,0,-2.6477883,0.6644736842105263,3
TCGA-GC-A3RC,0,-2.638241,0.9144736842105263,4
TCGA-GC-A3WC,0,-2.6344757,0.9802631578947368,4
TCGA-GC-A3YS,0,-2.6386676,0.875,4
TCGA-GC-A4ZW,0,-2.682104,0.4407894736842105,2
TCGA-GC-A6I1,0,-2.6598625,0.5328947368421053,3
TCGA-GU-A42P,0,-2.716154,0.21710526315789475,1
TCGA-GU-A764,0,-2.6483085,0.6381578947368421,3
TCGA-GU-AATO,0,-2.7193274,0.20394736842105263,1
TCGA-GV-A40E,0,-2.6552598,0.5723684210526315,3
TCGA-GV-A6ZA,0,-2.7332323,0.05921052631578947,1
TCGA-K4-A3WV,0,-2.639845,0.8223684210526315,4
TCGA-K4-A4AB,0,-2.6514602,0.5986842105263158,3
TCGA-K4-A54R,0,-2.7105339,0.29605263157894735,2
TCGA-K4-A5RJ,0,-2.680694,0.45394736842105265,2
TCGA-K4-AAQO,0,-2.6644027,0.5197368421052632,3
TCGA-PQ-A6FI,0,-2.64016,0.8092105263157895,4
TCGA-SY-A9G0,0,-2.64685,0.6907894736842105,3
TCGA-UY-A78N,0,-2.6988478,0.3355263157894737,2
TCGA-UY-A8OC,0,-2.6382418,0.9013157894736842,4
TCGA-UY-A9PF,0,-2.730017,0.1118421052631579,1
TCGA-XF-A8HC,0,-2.7318923,0.07236842105263158,1
TCGA-XF-A8HE,0,-2.6387932,0.8618421052631579,4
TCGA-XF-A8HI,0,-2.7110794,0.28289473684210525,2
TCGA-XF-A9SK,0,-2.694129,0.3881578947368421,2
TCGA-XF-A9ST,0,-2.6490567,0.625,3
TCGA-XF-A9T0,0,-2.7240715,0.16447368421052633,1
TCGA-XF-A9T3,0,-2.6391134,0.8486842105263158,4
TCGA-XF-A9T4,0,-2.645133,0.7171052631578947,3
TCGA-XF-A9T8,0,-2.6407773,0.7960526315789473,4
TCGA-XF-AAMG,0,-2.6942282,0.375,2
TCGA-XF-AAN7,0,-2.6409736,0.7828947368421053,4
TCGA-XF-AAN8,0,-2.6437087,0.7302631578947368,3
TCGA-ZF-A9RC,0,-2.7141914,0.2565789473684211,2
TCGA-ZF-A9RE,0,-2.6429477,0.756578947368421,4
TCGA-ZF-A9RF,0,-2.673514,0.506578947368421,3
TCGA-ZF-A9RL,0,-2.734153,0.019736842105263157,1
TCGA-ZF-AA52,0,-2.7014298,0.3223684210526316,2
TCGA-ZF-AA5H,0,-2.645727,0.7039473684210527,3
TCGA-2F-A9KP,1,-1.4703383,0.6513157894736842,3
TCGA-2F-A9KW,1,-0.028277345,0.9407894736842105,4
TCGA-4Z-AA7Q,1,-3.026643,0.29605263157894735,2
TCGA-4Z-AA7S,1,-1.459003,0.6776315789473685,3
TCGA-BL-A13J,1,-1.1521586,0.7697368421052632,4
TCGA-BL-A3JM,1,-1.071237,0.8092105263157895,4
TCGA-BT-A20J,1,-2.9933226,0.34868421052631576,2
TCGA-BT-A20U,1,-0.027216276,0.9539473684210527,4
TCGA-BT-A2LB,1,-3.2837057,0.23026315789473684,1
TCGA-BT-A42F,1,-1.8761373,0.5460526315789473,3
TCGA-C4-A0F7,1,-0.9900574,0.8618421052631579,4
TCGA-CF-A3MF,1,-1.7681297,0.5986842105263158,3
TCGA-CF-A47W,1,-1.7488521,0.6118421052631579,3
TCGA-CF-A47Y,1,-2.982009,0.375,2
TCGA-CF-A9FF,1,-2.929095,0.4407894736842105,2
TCGA-CF-A9FH,1,-3.0038161,0.3223684210526316,2
TCGA-DK-A1A3,1,-0.56299055,0.9144736842105263,4
TCGA-DK-A1AF,1,-1.170223,0.743421052631579,3
TCGA-DK-A2I4,1,-2.9955406,0.3355263157894737,2
TCGA-DK-A2I6,1,-0.17437634,0.9276315789473685,4
TCGA-DK-A3IT,1,-0.625367,0.9013157894736842,4
TCGA-DK-A3IU,1,-3.030249,0.28289473684210525,2
TCGA-DK-A3WW,1,-3.225915,0.2565789473684211,2
TCGA-DK-A3X1,1,-1.7769424,0.5855263157894737,3
TCGA-E7-A4XJ,1,-0.0023201075,0.993421052631579,4
TCGA-E7-A677,1,-3.9372954,0.046052631578947366,1
TCGA-FD-A3N5,1,-1.2506483,0.7171052631578947,3
TCGA-FD-A3SO,1,-2.466896,0.5197368421052632,3
TCGA-FD-A3SR,1,-1.7128959,0.625,3
TCGA-FD-A5BT,1,-0.011114424,0.9671052631578947,4
TCGA-FD-A5BX,1,-1.0925046,0.7828947368421053,4
TCGA-FD-A62O,1,-1.3183894,0.7039473684210527,3
TCGA-FD-A62S,1,-0.00614066,0.9802631578947368,4
TCGA-FD-A6TB,1,-3.0078459,0.3092105263157895,2
TCGA-FD-A6TC,1,-2.6792579,0.48026315789473684,2
TCGA-FD-A6TI,1,-1.2428191,0.7302631578947368,3
TCGA-FJ-A3Z9,1,-3.921286,0.05921052631578947,1
TCGA-FJ-A3ZE,1,-1.826983,0.5592105263157895,3
TCGA-G2-A2EC,1,-2.8987246,0.45394736842105265,2
TCGA-G2-A2EL,1,-1.3437437,0.6907894736842105,3
TCGA-G2-AA3F,1,-3.7465446,0.17763157894736842,1
TCGA-GC-A6I3,1,-1.0399522,0.8355263157894737,4
TCGA-GD-A6C6,1,-1.0048395,0.8486842105263158,4
TCGA-GD-A76B,1,-3.9575694,0.03289473684210526,1
TCGA-GU-A767,1,-1.0765752,0.7960526315789473,4
TCGA-GV-A3JV,1,-3.229421,0.24342105263157895,1
TCGA-GV-A3JW,1,-3.8361418,0.16447368421052633,1
TCGA-GV-A3QF,1,-3.9038434,0.09868421052631579,1
TCGA-GV-A3QH,1,-3.8929844,0.1118421052631579,1
TCGA-H4-A2HQ,1,-3.1242056,0.26973684210526316,2
TCGA-HQ-A2OF,1,-2.9853997,0.3618421052631579,2
TCGA-K4-A3WS,1,-3.2871778,0.21710526315789475,1
TCGA-K4-A4AC,1,-0.7225024,0.8881578947368421,4
TCGA-LC-A66R,1,-1.1609567,0.756578947368421,4
TCGA-UY-A78K,1,-3.442871,0.20394736842105263,1
TCGA-UY-A78P,1,-3.8894143,0.125,1
TCGA-UY-A8OD,1,-2.5971646,0.4934210526315789,2
TCGA-UY-A9PD,1,-1.818787,0.5723684210526315,3
TCGA-UY-A9PH,1,-3.9592915,0.019736842105263157,1
TCGA-XF-A8HB,1,-3.860236,0.1513157894736842,1
TCGA-XF-A8HF,1,-1.0403392,0.8223684210526315,4
TCGA-XF-A9SY,1,-0.9833049,0.875,4
TCGA-XF-A9T2,1,-2.741375,0.46710526315789475,2
TCGA-XF-AAMR,1,-2.9659572,0.40131578947368424,2
TCGA-XF-AAMY,1,-3.9149494,0.08552631578947369,1
TCGA-XF-AAN1,1,-2.5092592,0.506578947368421,3
TCGA-YC-A89H,1,-1.9387646,0.5328947368421053,3
TCGA-YF-AA3L,1,-1.4979231,0.6381578947368421,3
TCGA-ZF-A9R0,1,-1.4680645,0.6644736842105263,3
TCGA-ZF-A9R4,1,-3.9194312,0.07236842105263158,1
TCGA-ZF-A9RN,1,-2.9782372,0.3881578947368421,2
TCGA-ZF-AA4T,1,-3.9597003,0.006578947368421052,1
TCGA-ZF-AA4U,1,-2.9637396,0.4144736842105263,2
TCGA-ZF-AA4X,1,-3.8719525,0.13815789473684212,1
TCGA-ZF-AA51,1,-2.9635944,0.4276315789473684,2
TCGA-ZF-AA5P,1,-3.7228222,0.19078947368421054,1
TCGA-2F-A9KQ,2,-1.8683556,0.5460526315789473,3
TCGA-2F-A9KR,2,-3.318405,0.019736842105263157,1
TCGA-2F-A9KT,2,-1.9963837,0.5197368421052632,3
TCGA-4Z-AA7M,2,-3.3147633,0.13815789473684212,1
TCGA-5N-A9KI,2,-1.6588123,0.743421052631579,3
TCGA-5N-A9KM,2,-3.3027086,0.23026315789473684,1
TCGA-BT-A0S7,2,-1.062535,0.9144736842105263,4
TCGA-BT-A20N,2,-1.7021267,0.7171052631578947,3
TCGA-BT-A20P,2,-1.7412429,0.6513157894736842,3
TCGA-BT-A3PJ,2,-1.9193411,0.5328947368421053,3
TCGA-BT-A3PK,2,-1.2578033,0.8881578947368421,4
TCGA-CF-A1HR,2,-3.3148344,0.125,1
TCGA-CF-A3MG,2,-2.9710875,0.3881578947368421,2
TCGA-CF-A3MI,2,-1.7577783,0.5855263157894737,3
TCGA-CF-A47T,2,-1.7108513,0.6776315789473685,3
TCGA-CU-A3KJ,2,-1.7066133,0.6907894736842105,3
TCGA-CU-A3YL,2,-3.3111498,0.19078947368421054,1
TCGA-CU-A5W6,2,-1.7604647,0.5723684210526315,3
TCGA-CU-A72E,2,-1.4777867,0.7697368421052632,4
TCGA-DK-A1AG,2,-3.3048658,0.20394736842105263,1
TCGA-DK-A2I1,2,-2.0373287,0.506578947368421,3
TCGA-DK-A3IK,2,-3.2968104,0.2565789473684211,2
TCGA-DK-A3IL,2,-2.6987529,0.46710526315789475,2
TCGA-DK-A3IS,2,-1.7555578,0.5986842105263158,3
TCGA-DK-A3WX,2,-1.449343,0.8223684210526315,4
TCGA-DK-A6B5,2,-3.314853,0.1118421052631579,1
TCGA-E5-A2PC,2,-1.4658846,0.7828947368421053,4
TCGA-E7-A3Y1,2,-3.3043675,0.21710526315789475,1
TCGA-E7-A97P,2,-3.291449,0.3092105263157895,2
TCGA-FD-A3B6,2,-1.749419,0.625,3
TCGA-FD-A3SP,2,-2.3953586,0.4934210526315789,2
TCGA-FD-A3SQ,2,-3.3157904,0.07236842105263158,1
TCGA-FD-A43P,2,-3.3146029,0.16447368421052633,1
TCGA-FD-A43S,2,-3.2925513,0.28289473684210525,2
TCGA-FD-A43Y,2,-1.4505978,0.8092105263157895,4
TCGA-FD-A5BU,2,-1.7477349,0.6381578947368421,3
TCGA-FD-A5C0,2,-2.965687,0.4144736842105263,2
TCGA-FD-A62P,2,-1.4554747,0.7960526315789473,4
TCGA-FD-A6TF,2,-0.75857747,0.993421052631579,4
TCGA-FD-A6TG,2,-2.645096,0.48026315789473684,2
TCGA-FT-A61P,2,-1.70538,0.7039473684210527,3
TCGA-G2-AA3B,2,-3.3146899,0.1513157894736842,1
TCGA-G2-AA3D,2,-3.3288505,0.006578947368421052,1
TCGA-GC-A3RB,2,-3.2895055,0.3223684210526316,2
TCGA-GD-A2C5,2,-1.4423058,0.8355263157894737,4
TCGA-GD-A3OQ,2,-1.5999198,0.756578947368421,4
TCGA-GU-A42R,2,-3.2473865,0.3618421052631579,2
TCGA-GU-A762,2,-1.4239957,0.8486842105263158,4
TCGA-GV-A3QK,2,-3.315488,0.08552631578947369,1
TCGA-H4-A2HO,2,-3.2933846,0.26973684210526316,2
TCGA-K4-A5RH,2,-1.6795826,0.7302631578947368,3
TCGA-K4-A5RI,2,-1.7216554,0.6644736842105263,3
TCGA-K4-A6FZ,2,-2.9429827,0.4407894736842105,2
TCGA-K4-A83P,2,-3.3158438,0.05921052631578947,1
TCGA-PQ-A6FN,2,-0.8570702,0.9539473684210527,4
TCGA-S5-A6DX,2,-1.7517002,0.6118421052631579,3
TCGA-S5-AA26,2,-3.3163848,0.03289473684210526,1
TCGA-UY-A78L,2,-0.99450856,0.9407894736842105,4
TCGA-XF-A8HG,2,-3.2919025,0.29605263157894735,2
TCGA-XF-A9SI,2,-3.3153384,0.09868421052631579,1
TCGA-XF-A9SJ,2,-1.3330753,0.8618421052631579,4
TCGA-XF-A9SW,2,-1.81424,0.5592105263157895,3
TCGA-XF-AAME,2,-2.9701767,0.40131578947368424,2
TCGA-XF-AAMH,2,-0.7695675,0.9802631578947368,4
TCGA-XF-AAMJ,2,-3.3014681,0.24342105263157895,1
TCGA-XF-AAMT,2,-1.0711522,0.9013157894736842,4
TCGA-XF-AAN2,2,-3.2380195,0.375,2
TCGA-XF-AAN4,2,-3.2803006,0.3355263157894737,2
TCGA-ZF-A9R1,2,-2.9482813,0.4276315789473684,2
TCGA-ZF-A9R2,2,-2.901846,0.45394736842105265,2
TCGA-ZF-A9R3,2,-3.3163357,0.046052631578947366,1
TCGA-ZF-A9R7,2,-3.3138504,0.17763157894736842,1
TCGA-ZF-AA4R,2,-3.2569256,0.34868421052631576,2
TCGA-ZF-AA4W,2,-1.299726,0.875,4
TCGA-ZF-AA53,2,-0.8434054,0.9671052631578947,4
TCGA-ZF-AA54,2,-1.0413795,0.9276315789473685,4
TCGA-4Z-AA7W,3,-3.6135716,0.125,1
TCGA-4Z-AA81,3,-3.6328762,0.03289473684210526,1
TCGA-4Z-AA82,3,-2.1103005,0.6776315789473685,3
TCGA-4Z-AA84,3,-0.30691898,0.9802631578947368,4
TCGA-4Z-AA89,3,-3.6380086,0.019736842105263157,1
TCGA-BT-A0YX,3,-1.112295,0.8355263157894737,4
TCGA-BT-A20R,3,-0.85217166,0.9144736842105263,4
TCGA-BT-A20T,3,-3.2276,0.4276315789473684,2
TCGA-BT-A20W,3,-3.2027812,0.4934210526315789,2
TCGA-BT-A2LA,3,-0.90080166,0.9013157894736842,4
TCGA-BT-A2LD,3,-0.35765427,0.9539473684210527,4
TCGA-BT-A3PH,3,-0.3378095,0.9671052631578947,4
TCGA-BT-A42E,3,-3.4198747,0.3092105263157895,2
TCGA-C4-A0F6,3,-1.8606062,0.743421052631579,3
TCGA-CF-A1HS,3,-1.2722094,0.7828947368421053,4
TCGA-CF-A3MH,3,-3.615585,0.1118421052631579,1
TCGA-CF-A47X,3,-3.5692253,0.19078947368421054,1
TCGA-CF-A7I0,3,-2.8009307,0.5986842105263158,3
TCGA-CF-A8HX,3,-3.4009998,0.3223684210526316,2
TCGA-CF-A9FL,3,-1.6167192,0.756578947368421,4
TCGA-CU-A0YN,3,-1.3007362,0.7697368421052632,4
TCGA-DK-A1A6,3,-3.476791,0.2565789473684211,2
TCGA-DK-A1AD,3,-3.1540651,0.5197368421052632,3
TCGA-DK-A3IV,3,-3.3655229,0.34868421052631576,2
TCGA-DK-A6B0,3,-3.6442165,0.006578947368421052,1
TCGA-E7-A4IJ,3,-3.6227198,0.09868421052631579,1
TCGA-E7-A519,3,-3.6314726,0.046052631578947366,1
TCGA-E7-A541,3,-3.5603864,0.21710526315789475,1
TCGA-E7-A6ME,3,-3.2597964,0.4144736842105263,2
TCGA-E7-A7DU,3,-3.6227226,0.08552631578947369,1
TCGA-E7-A7DV,3,-3.2650263,0.40131578947368424,2
TCGA-E7-A8O7,3,-3.573184,0.17763157894736842,1
TCGA-FD-A3B4,3,-2.4467802,0.625,3
TCGA-FD-A3SM,3,-1.9429069,0.7171052631578947,3
TCGA-FD-A3SS,3,-0.95286274,0.875,4
TCGA-FD-A43X,3,-3.4348373,0.29605263157894735,2
TCGA-FD-A5BR,3,-3.069522,0.5460526315789473,3
TCGA-FD-A5BV,3,-2.10351,0.6907894736842105,3
TCGA-FD-A62N,3,-3.3876643,0.3355263157894737,2
TCGA-FD-A6TD,3,-1.2498374,0.8092105263157895,4
TCGA-FJ-A871,3,-0.4016548,0.9407894736842105,4
TCGA-FT-A3EE,3,-0.920251,0.8881578947368421,4
TCGA-G2-A2EO,3,-3.4369864,0.28289473684210525,2
TCGA-G2-A2ES,3,-2.659411,0.6118421052631579,3
TCGA-G2-A3IE,3,-3.6282918,0.05921052631578947,1
TCGA-G2-A3VY,3,-3.3360155,0.3618421052631579,2
TCGA-G2-AA3C,3,-0.6097094,0.9276315789473685,4
TCGA-GC-A3OO,3,-3.2166533,0.45394736842105265,2
TCGA-GD-A3OP,3,-3.2039716,0.48026315789473684,2
TCGA-GU-A763,3,-3.6240158,0.07236842105263158,1
TCGA-GU-A766,3,-3.5934281,0.1513157894736842,1
TCGA-GU-AATQ,3,-1.1108766,0.8486842105263158,4
TCGA-GV-A3JZ,3,-3.1079478,0.5328947368421053,3
TCGA-GV-A3QI,3,-2.0631328,0.7039473684210527,3
TCGA-HQ-A2OE,3,-2.2391365,0.6644736842105263,3
TCGA-HQ-A5ND,3,-3.2680793,0.3881578947368421,2
TCGA-HQ-A5NE,3,-3.21802,0.4407894736842105,2
TCGA-K4-A3WU,3,-2.886979,0.5723684210526315,3
TCGA-LT-A5Z6,3,-3.4541125,0.26973684210526316,2
TCGA-LT-A8JT,3,-3.550771,0.23026315789473684,1
TCGA-MV-A51V,3,-3.5688367,0.20394736842105263,1
TCGA-UY-A78O,3,-3.1695848,0.506578947368421,3
TCGA-UY-A9PA,3,-3.6010926,0.13815789473684212,1
TCGA-XF-A8HD,3,-3.5818963,0.16447368421052633,1
TCGA-XF-A8HH,3,-1.1561948,0.8223684210526315,4
TCGA-XF-A9SH,3,-3.3324108,0.375,2
TCGA-XF-A9SZ,3,-0.9609276,0.8618421052631579,4
TCGA-XF-A9T6,3,-1.9388144,0.7302631578947368,3
TCGA-XF-AAMQ,3,-3.2131956,0.46710526315789475,2
TCGA-XF-AAN0,3,-2.427813,0.6381578947368421,3
TCGA-XF-AAN5,3,-2.2809958,0.6513157894736842,3
TCGA-YC-A8S6,3,-2.8450701,0.5855263157894737,3
TCGA-YC-A9TC,3,-0.30262566,0.993421052631579,4
TCGA-ZF-A9RM,3,-3.4787621,0.24342105263157895,1
TCGA-ZF-AA4V,3,-1.2546678,0.7960526315789473,4
TCGA-ZF-AA58,3,-3.0422976,0.5592105263157895,3
TCGA-2F-A9KO,4,-3.5041106,0.03289473684210526,1
TCGA-4Z-AA7N,4,-3.2839699,0.29605263157894735,2
TCGA-4Z-AA7O,4,-3.342067,0.24342105263157895,1
TCGA-4Z-AA7R,4,-2.977989,0.4276315789473684,2
TCGA-4Z-AA7Y,4,-3.002978,0.375,2
TCGA-4Z-AA80,4,-3.5076046,0.006578947368421052,1
TCGA-4Z-AA83,4,-3.3243918,0.2565789473684211,2
TCGA-4Z-AA87,4,-3.4460936,0.125,1
TCGA-BL-A0C8,4,-3.2757766,0.3092105263157895,2
TCGA-BL-A13I,4,-0.34719503,0.993421052631579,4
TCGA-BT-A20Q,4,-2.587741,0.48026315789473684,2
TCGA-C4-A0EZ,4,-1.7652512,0.7039473684210527,3
TCGA-C4-A0F1,4,-0.35695094,0.9671052631578947,4
TCGA-CF-A27C,4,-3.4329238,0.17763157894736842,1
TCGA-CF-A47V,4,-3.4346497,0.16447368421052633,1
TCGA-CF-A8HY,4,-1.7685097,0.6907894736842105,3
TCGA-CU-A0YO,4,-3.266228,0.3223684210526316,2
TCGA-CU-A0YR,4,-3.0248256,0.3618421052631579,2
TCGA-DK-A1AC,4,-3.3191304,0.26973684210526316,2
TCGA-DK-A1AE,4,-0.79556084,0.8223684210526315,4
TCGA-DK-A2I2,4,-0.53249896,0.9013157894736842,4
TCGA-DK-A3IM,4,-0.5233507,0.9276315789473685,4
TCGA-DK-A3IN,4,-3.000976,0.3881578947368421,2
TCGA-DK-A3IQ,4,-0.52889687,0.9144736842105263,4
TCGA-DK-A3X2,4,-0.9483968,0.7960526315789473,4
TCGA-DK-A6AV,4,-3.188221,0.3355263157894737,2
TCGA-E5-A4U1,4,-3.4468427,0.1118421052631579,1
TCGA-E7-A3X6,4,-2.9826221,0.4144736842105263,2
TCGA-E7-A5KE,4,-3.4090986,0.21710526315789475,1
TCGA-E7-A5KF,4,-3.507207,0.019736842105263157,1
TCGA-E7-A678,4,-3.4583979,0.07236842105263158,1
TCGA-E7-A7PW,4,-3.4089417,0.23026315789473684,1
TCGA-E7-A85H,4,-3.4408278,0.13815789473684212,1
TCGA-FD-A3B3,4,-1.613725,0.7302631578947368,3
TCGA-FD-A3B7,4,-0.95668435,0.7697368421052632,4
TCGA-FD-A3N6,4,-0.3569612,0.9539473684210527,4
TCGA-FD-A43N,4,-2.555395,0.506578947368421,3
TCGA-FD-A43U,4,-2.4474149,0.5723684210526315,3
TCGA-FD-A5BY,4,-0.9708469,0.756578947368421,4
TCGA-FD-A5C1,4,-0.9796705,0.743421052631579,3
TCGA-FD-A6TA,4,-3.02838,0.34868421052631576,2
TCGA-FD-A6TE,4,-2.9977722,0.40131578947368424,2
TCGA-FD-A6TH,4,-0.7936733,0.8355263157894737,4
TCGA-FD-A6TK,4,-1.7771549,0.6776315789473685,3
TCGA-FJ-A3Z7,4,-2.950913,0.4407894736842105,2
TCGA-G2-A2EK,4,-3.4977508,0.05921052631578947,1
TCGA-GC-A3RD,4,-2.9391775,0.45394736842105265,2
TCGA-GD-A3OS,4,-1.7633531,0.7171052631578947,3
TCGA-GU-A42Q,4,-0.36776868,0.9407894736842105,4
TCGA-GU-AATP,4,-2.4042437,0.6118421052631579,3
TCGA-GV-A3JX,4,-3.4310443,0.19078947368421054,1
TCGA-GV-A40G,4,-3.4503732,0.09868421052631579,1
TCGA-K4-A6MB,4,-2.4457943,0.5986842105263158,3
TCGA-SY-A9G5,4,-2.5291457,0.5197368421052632,3
TCGA-UY-A78M,4,-2.4471195,0.5855263157894737,3
TCGA-UY-A8OB,4,-0.5992329,0.8486842105263158,4
TCGA-UY-A9PB,4,-2.4684901,0.5592105263157895,3
TCGA-UY-A9PE,4,-3.4290473,0.20394736842105263,1
TCGA-XF-A9SL,4,-2.5080743,0.5328947368421053,3
TCGA-XF-A9SM,4,-1.8445078,0.6513157894736842,3
TCGA-XF-A9SP,4,-2.4881978,0.5460526315789473,3
TCGA-XF-A9SU,4,-0.93151575,0.8092105263157895,4
TCGA-XF-A9SV,4,-2.9389596,0.46710526315789475,2
TCGA-XF-A9SX,4,-0.5741503,0.8881578947368421,4
TCGA-XF-A9T5,4,-1.8491657,0.6381578947368421,3
TCGA-XF-AAML,4,-3.4355052,0.1513157894736842,1
TCGA-XF-AAMW,4,-0.95248616,0.7828947368421053,4
TCGA-XF-AAMX,4,-3.2906976,0.28289473684210525,2
TCGA-XF-AAMZ,4,-3.450469,0.08552631578947369,1
TCGA-XF-AAN3,4,-1.870061,0.625,3
TCGA-YF-AA3M,4,-1.8390568,0.6644736842105263,3
TCGA-ZF-A9R5,4,-3.5026703,0.046052631578947366,1
TCGA-ZF-A9R9,4,-2.571895,0.4934210526315789,2
TCGA-ZF-A9RD,4,-0.59815615,0.8618421052631579,4
TCGA-ZF-AA4N,4,-0.5900183,0.875,4
TCGA-ZF-AA5N,4,-0.34982705,0.9802631578947368,4
