版本目录,病例 PNG 数,统计单位
case_interpretation/blca_fold0,3,图文件
case_interpretation/blca_fold1,3,图文件
case_interpretation/blca_fold2,3,图文件
case_interpretation/blca_fold3,3,图文件
case_interpretation/blca_fold4,3,图文件
case_interpretation/kirc_fold0,3,图文件
case_interpretation/kirc_fold1,3,图文件
case_interpretation/kirc_fold2,3,图文件
case_interpretation/kirc_fold3,3,图文件
case_interpretation/kirc_fold4,3,图文件
case_interpretation_v2/blca_direct_fold3,2,图文件
case_interpretation_v2/blca_direct_fold4,2,图文件
case_interpretation_v2/blca_exp6_fold0,2,图文件
case_interpretation_v2/blca_exp6_fold1,2,图文件
case_interpretation_v2/blca_exp6_fold2,2,图文件
case_interpretation_v2/blca_exp6_fold3,2,图文件
case_interpretation_v2/blca_exp6_fold4,2,图文件
case_interpretation_v2/blca_independent_fold2,2,图文件
case_interpretation_v2/kirc_direct_fold4,2,图文件
case_interpretation_v2/kirc_exp6_fold0,2,图文件
case_interpretation_v2/kirc_exp6_fold1,2,图文件
case_interpretation_v2/kirc_exp6_fold2,2,图文件
case_interpretation_v2/kirc_exp6_fold3,2,图文件
case_interpretation_v2/kirc_exp6_fold4,2,图文件
case_interpretation_v2/kirc_independent_fold1,2,图文件
case_interpretation_v2/kirc_independent_fold2,2,图文件
case_interpretation_v2/kirc_independent_fold3,2,图文件
case_interpretation_v2/kirc_independent_fold4,2,图文件
