pathway,Q1,Q2,Q3,Q4
Neurotransmitter_Clearance_In_The_Synaptic_Cleft,0.0030857571,0.003057161,0.0030366678,0.0030191557
Passive_Transport_by_Aquaporins,0.0030819315,0.0030730693,0.003054077,0.0030356268
Androgen_biosynthesis,0.0030812141,0.00304687,0.0030408339,0.0030564882
G-protein_activation,0.0030801059,0.0030630266,0.003069104,0.0030538682
Regulation_of_Rheb_GTPase_activity_by_AMPK,0.0030610273,0.0030580359,0.0030686671,0.0030799382
Highly_calcium_permeable_nicotinic_acetylcholine_receptors,0.003068811,0.0030754115,0.0030766807,0.0030683964
Fatty_acids,0.0030588284,0.0030424893,0.0030659684,0.0030765932
HALLMARK_UNFOLDED_PROTEIN_RESPONSE,0.0030188044,0.0030398297,0.0030761631,0.003051757
PKA-mediated_phosphorylation_of_CREB,0.003058811,0.0030706488,0.0030758418,0.003063097
Highly_calcium_permeable_postsynaptic_nicotinic_acetylcholine_receptors,0.0030641942,0.0030687035,0.0030755228,0.003056688
Inhibition_of_the_proteolytic_activity_of_APC/C_required_for_the_onset_of_anaphase_by_mitotic_spindle_checkpoint_components,0.003036564,0.0030394618,0.003049995,0.0030748083
Glucocorticoid_biosynthesis,0.0030742832,0.003042463,0.003048502,0.0030549532
Synthesis_of_Dolichyl-phosphate,0.003033366,0.0030402346,0.003038212,0.0030742486
Destabilization_of_mRNA_by_Tristetraprolin_(TTP),0.003041471,0.0030586058,0.0030736853,0.0030736143
Insulin_receptor_mediated_signaling,0.0030582666,0.003052582,0.0030566773,0.0030732616
Monoamines_are_oxidized_to_aldehydes_by_MAOA_and_MAOB__producing_NH3_and_H2O2,0.0030464523,0.0030485105,0.0030483808,0.0030712078
mRNA_Decay_by_3prime_to_5prime_Exoribonuclease,0.0030456427,0.0030618943,0.0030677365,0.0030708988
Synthesis_of_bile_acids_and_bile_salts_via_7alpha-hydroxycholesterol,0.0030703174,0.003050943,0.0030477948,0.0030546868
Repair_synthesis_for_gap-filling_by_DNA_polymerase_in_TC-NER,0.0030572847,0.0030560514,0.0030532049,0.0030697112
ALK2_signaling_events,0.0030694352,0.0030470877,0.0030459021,0.0030395216
Tryptophan_catabolism,0.0030692443,0.0030536463,0.003039734,0.00303649
Muscarinic_acetylcholine_receptors,0.0030692157,0.00305756,0.0030333146,0.0030529634
Beta_oxidation_of_octanoyl-CoA_to_hexanoyl-CoA,0.003050458,0.0030416767,0.0030590512,0.0030690306
Lysine_catabolism,0.0030539029,0.003068511,0.003025239,0.0030339214
Cytosolic_tRNA_aminoacylation,0.0030453024,0.003067515,0.0030580417,0.0030542577
Purine_salvage,0.0030366804,0.0030496472,0.0030671577,0.0030482
Acetylation,0.003052182,0.003051041,0.0030666322,0.0030587788
Formation_of_transcription-coupled_NER_(TC-NER)_repair_complex,0.0030493329,0.0030659395,0.00305388,0.0030413964
Aromatic_amines_can_be_N-hydroxylated_or_N-dealkylated_by_CYP1A2,0.0030593292,0.0030631945,0.003061205,0.0030489215
