id,method,year,year_kind,modality,encoder,cancer,endpoint,mean,reported_sd,folds,source_id,source_locator,source_url,score_protocol,display_rank,dct_minus_reference_pp
dct_v313,DCT v3.13,2026,current_work_year,g.+h.,UNI2-h,BLCA,DSS,0.72382,0.04672415863340934,"[0.6576, 0.6953, 0.7465, 0.7744, 0.7453]",dct_author,manuscript Table 1; saved author fold summary,,DSS; UNI2-h; 5-fold best validation legacy_val; author summary not held-out test,1,0.0
mcat,MCAT,2021,publication_year,g.+h.,UNI,BLCA,DSS,0.688,0.024,[],slotspe_baselines,SlotSPE Table 1; source-author reproduction; dispersion Table 4,https://arxiv.org/abs/2512.01116,"{""endpoint"": ""DSS"", ""histology_encoder"": ""UNI"", ""folds"": 5, ""max_epochs"": 30, ""batch_size"": 32, ""training_patches"": 4096, ""inference_patches"": ""all""}",8,3.5820000000000074
motcat,MOTCat,2023,publication_year,g.+h.,UNI,BLCA,DSS,0.7,0.01,[],slotspe_baselines,SlotSPE Table 1; source-author reproduction; dispersion Table 4,https://arxiv.org/abs/2512.01116,"{""endpoint"": ""DSS"", ""histology_encoder"": ""UNI"", ""folds"": 5, ""max_epochs"": 30, ""batch_size"": 32, ""training_patches"": 4096, ""inference_patches"": ""all""}",3,2.3820000000000063
cmta,CMTA,2023,publication_year,g.+h.,UNI,BLCA,DSS,0.702,0.033,[],slotspe_baselines,SlotSPE Table 1; source-author reproduction; dispersion Table 4,https://arxiv.org/abs/2512.01116,"{""endpoint"": ""DSS"", ""histology_encoder"": ""UNI"", ""folds"": 5, ""max_epochs"": 30, ""batch_size"": 32, ""training_patches"": 4096, ""inference_patches"": ""all""}",2,2.182000000000006
survpath,SurvPath,2024,publication_year,g.+h.,UNI,BLCA,DSS,0.666,0.034,[],slotspe_baselines,SlotSPE Table 1; source-author reproduction; dispersion Table 4,https://arxiv.org/abs/2512.01116,"{""endpoint"": ""DSS"", ""histology_encoder"": ""UNI"", ""folds"": 5, ""max_epochs"": 30, ""batch_size"": 32, ""training_patches"": 4096, ""inference_patches"": ""all""}",11,5.781999999999998
pibd,PIBD,2024,publication_year,g.+h.,UNI,BLCA,DSS,0.693,0.032,[],slotspe_baselines,SlotSPE Table 1; source-author reproduction; dispersion Table 4,https://arxiv.org/abs/2512.01116,"{""endpoint"": ""DSS"", ""histology_encoder"": ""UNI"", ""folds"": 5, ""max_epochs"": 30, ""batch_size"": 32, ""training_patches"": 4096, ""inference_patches"": ""all""}",6,3.082000000000007
mmp,MMP,2024,publication_year,g.+h.,UNI,BLCA,DSS,0.686,0.004,[],slotspe_baselines,SlotSPE Table 1; source-author reproduction; dispersion Table 4,https://arxiv.org/abs/2512.01116,"{""endpoint"": ""DSS"", ""histology_encoder"": ""UNI"", ""folds"": 5, ""max_epochs"": 30, ""batch_size"": 32, ""training_patches"": 4096, ""inference_patches"": ""all""}",9,3.7819999999999965
porpoise,Porpoise,2022,publication_year,g.+h.,UNI,BLCA,DSS,0.69,0.025,[],slotspe_baselines,SlotSPE Table 1; source-author reproduction; dispersion Table 4,https://arxiv.org/abs/2512.01116,"{""endpoint"": ""DSS"", ""histology_encoder"": ""UNI"", ""folds"": 5, ""max_epochs"": 30, ""batch_size"": 32, ""training_patches"": 4096, ""inference_patches"": ""all""}",7,3.3820000000000072
ld_cvae,LD-CVAE,2025,publication_year,g.+h.,UNI,BLCA,DSS,0.635,0.037,[],slotspe_baselines,SlotSPE Table 1; source-author reproduction; dispersion Table 4,https://arxiv.org/abs/2512.01116,"{""endpoint"": ""DSS"", ""histology_encoder"": ""UNI"", ""folds"": 5, ""max_epochs"": 30, ""batch_size"": 32, ""training_patches"": 4096, ""inference_patches"": ""all""}",20,8.882000000000001
