分类,目录,实验编号,文件总数,图片数,数据表数
实验代码,实验档案/实验代码/E001_Exp0,E001,2,0,0
实验代码,实验档案/实验代码/E002_Exp1,E002,2,0,0
实验代码,实验档案/实验代码/E003_Exp2,E003,2,0,0
实验代码,实验档案/实验代码/E004_Exp3,E004,2,0,0
实验代码,实验档案/实验代码/E005_Exp4,E005,2,0,0
实验代码,实验档案/实验代码/E006_Exp5,E006,2,0,0
实验代码,实验档案/实验代码/E007_Exp6,E007,2,0,0
实验代码,实验档案/实验代码/E008_direct,E008,2,0,0
实验代码,实验档案/实验代码/E009_independent,E009,2,0,0
实验代码,实验档案/实验代码/E010_运输计划干预,E010,12,0,0
实验代码,实验档案/实验代码/E011_十队列KM,E011,2,0,0
实验代码,实验档案/实验代码/E012_病例通路,E012,6,0,0
实验代码,实验档案/实验代码/E013_队列通路,E013,2,0,0
实验代码,实验档案/实验代码/E014_两队列成本,E014,2,0,0
实验代码,实验档案/实验代码/E015_十队列成本,E015,2,0,0
实验代码,实验档案/实验代码/E016_公开结果参照,E016,2,0,0
实验代码,实验档案/实验代码/E037_撤回运输对照,E037,2,0,0
实验代码,实验档案/实验代码/E038_v313多病例,E038,2,0,0
实验代码,实验档案/实验代码/E039_v313早期图,E039,2,0,0
实验代码,实验档案/实验代码/E045_模块作用核验,E045,6,0,0
实验代码,实验档案/实验代码/E046_WSI自重建消融,E046,3,0,0
实验代码,实验档案/实验代码/E047_外部方法效率参考,E047,57,0,1
实验代码,实验档案/实验代码/共享代码快照_2b1c622,,65,0,0
实验代码,实验档案/实验代码/图表四项修订_20261010,,9,0,0
实验代码,实验档案/实验代码/图表整理_20261010,,11,0,0
实验代码,实验档案/实验代码/档案图表修订_20261009,,2,0,0
实验代码,实验档案/实验代码/补录代码快照_2b1c622,,6,0,0
表格图片,实验档案/表格图片/E001_Exp0,E001,8,1,4
表格图片,实验档案/表格图片/E002_Exp1,E002,8,1,4
表格图片,实验档案/表格图片/E003_Exp2,E003,8,1,4
表格图片,实验档案/表格图片/E004_Exp3,E004,8,1,4
表格图片,实验档案/表格图片/E005_Exp4,E005,8,1,4
表格图片,实验档案/表格图片/E006_Exp5,E006,8,1,4
表格图片,实验档案/表格图片/E007_Exp6,E007,19,7,8
表格图片,实验档案/表格图片/E008_direct,E008,10,0,4
表格图片,实验档案/表格图片/E009_independent,E009,11,1,4
表格图片,实验档案/表格图片/E010_运输计划干预,E010,15,1,2
表格图片,实验档案/表格图片/E011_十队列KM,E011,69,43,12
表格图片,实验档案/表格图片/E012_病例通路,E012,77,59,6
表格图片,实验档案/表格图片/E013_队列通路,E013,33,22,6
表格图片,实验档案/表格图片/E014_两队列成本,E014,17,9,4
表格图片,实验档案/表格图片/E015_十队列成本,E015,8,3,2
表格图片,实验档案/表格图片/E016_公开结果参照,E016,20,7,5
表格图片,实验档案/表格图片/E037_撤回运输对照,E037,8,1,2
表格图片,实验档案/表格图片/E038_v313多病例,E038,70,66,2
表格图片,实验档案/表格图片/E039_v313早期图,E039,20,7,3
表格图片,实验档案/表格图片/E045_模块作用核验,E045,10,6,1
表格图片,实验档案/表格图片/E046_WSI自重建消融,E046,1,0,0
表格图片,实验档案/表格图片/E047_外部方法效率参考,E047,30,19,5
表格图片,实验档案/表格图片/消融实验总览,,4,0,4
表格图片,实验档案/表格图片/论文当前图表_20261010,,88,27,58
表格图片,实验档案/表格图片/论文当前图表_20261010_四项修订,,73,16,53
表格图片,实验档案/表格图片/论文框架,,1,1,0
表格图片,实验档案/表格图片/通用,,6,0,6
