队列,Fold 0,Fold 1,Fold 2,Fold 3,Fold 4,均值 ± 标准差
BLCA,0.6576,0.6953,0.7465,0.7744,0.7453,0.7238 ± 0.0467
BRCA,0.7925,0.6948,0.5748,0.6504,0.6809,0.6787 ± 0.0788
COADREAD,0.7742,0.7365,0.7570,0.7448,0.6695,0.7364 ± 0.0400
HNSC,0.6963,0.6118,0.5990,0.6450,0.7389,0.6582 ± 0.0587
KIRC,0.8253,0.8485,0.8202,0.8094,0.8084,0.8224 ± 0.0163
LUAD,0.7015,0.7138,0.7109,0.6352,0.6677,0.6858 ± 0.0337
LUSC,0.6709,0.6377,0.5983,0.6969,0.5463,0.6300 ± 0.0596
SKCM,0.6442,0.6199,0.6706,0.6434,0.7488,0.6654 ± 0.0500
STAD,0.6835,0.6471,0.5645,0.6691,0.6161,0.6361 ± 0.0474
UCEC,0.8060,0.8532,0.7654,0.7511,0.7884,0.7928 ± 0.0398
