cancer,control,fold,full_cindex,control_cindex,full_minus_control
BLCA,direct,0,0.6576,0.6499575191163977,0.0076424808836023095
BLCA,direct,1,0.6953,0.7081545064377682,-0.012854506437768198
BLCA,direct,2,0.7465,0.6987839101964453,0.047716089803554795
BLCA,direct,3,0.7744,0.7778753292361721,-0.003475329236172109
BLCA,direct,4,0.7453,0.6799145299145299,0.06538547008547002
BLCA,independent,0,0.6576,0.6516567544604928,0.005943245539507203
BLCA,independent,1,0.6953,0.7184549356223175,-0.02315493562231752
BLCA,independent,2,0.7465,0.6856875584658559,0.06081244153414411
BLCA,independent,3,0.7744,0.7374890254609306,0.03691097453906933
BLCA,independent,4,0.7453,0.752991452991453,-0.007691452991453018
KIRC,direct,0,0.8253,0.7749820273184759,0.05031797268152416
KIRC,direct,1,0.8485,0.8541374474053296,-0.005637447405329565
KIRC,direct,2,0.8202,0.8017711171662125,0.01842888283378752
KIRC,direct,3,0.8094,0.794251134644478,0.015148865355521957
KIRC,direct,4,0.8084,0.7899778924097274,0.01842210759027263
KIRC,independent,0,0.8253,0.8123652048885693,0.012934795111430697
KIRC,independent,1,0.8485,0.832398316970547,0.01610168302945303
KIRC,independent,2,0.8202,0.7949591280653951,0.02524087193460489
KIRC,independent,3,0.8094,0.794251134644478,0.015148865355521957
KIRC,independent,4,0.8084,0.7929255711127488,0.015474428887251257
