方法,BLCA,BRCA,COADREAD,HNSC,KIRC
MLP,0.677,0.644,0.661,0.584,0.750
SNN,0.694,0.645,0.664,0.597,0.754
SNNTrans,0.699,0.657,0.710,0.605,0.747
ABMIL,0.663,0.656,0.715,0.664,0.782
TransMIL,0.647,0.647,0.723,0.644,0.767
CLAM-SB,0.645,0.696,0.742,0.649,0.784
CLAM-MB,0.657,0.715,0.721,0.636,0.782
Porpoise,0.690,0.651,0.699,0.599,0.788
MCAT,0.688,0.709,0.737,0.622,0.795
MOTCat,0.700,0.717,0.742,0.627,0.799
CMTA,0.702,0.731,0.720,0.619,0.794
SurvPath,0.666,0.728,0.727,0.611,0.787
PIBD,0.693,0.662,0.716,0.627,0.772
MMP,0.686,0.714,0.686,0.580,0.770
LD-CVAE,0.635,0.705,0.753,0.635,0.792
ILRA,0.661,0.664,0.615,0.526,NR
R2T-MIL,0.601,0.662,0.684,0.617,NR
Patch-GCN,0.616,0.702,0.667,0.602,NR
OTSurv,0.637,0.621,NR,NR,0.750
TTA,0.662,0.726,NR,NR,0.778
STEPH,0.641,0.741,0.707,0.657,NR
DCT v3.13,0.724,0.679,0.736,0.658,0.822
