case_id,fold,risk,train_median,group,time,censor,event
TCGA-2F-A9KO,4,-3.50411057472229,-2.559274435043335,low,24.131242752075195,0,1
TCGA-2F-A9KP,1,-1.4703383445739746,-2.66067111492157,high,11.966992378234863,0,1
TCGA-2F-A9KQ,2,-1.868355631828308,-3.287222743034363,high,94.88114929199219,1,0
TCGA-2F-A9KR,2,-3.3184049129486084,-3.287222743034363,low,104.64543151855469,0,1
TCGA-2F-A9KT,2,-1.9963836669921875,-3.287222743034363,high,108.95223236083984,1,0
TCGA-2F-A9KW,1,-0.02827734500169754,-2.66067111492157,high,8.350593566894531,0,1
TCGA-4Z-AA7M,2,-3.314763307571411,-3.287222743034363,low,16.273794174194336,1,0
TCGA-4Z-AA7N,4,-3.2839698791503906,-2.559274435043335,low,44.94197463989258,1,0
TCGA-4Z-AA7O,4,-3.342067003250122,-2.559274435043335,low,16.832693099975586,1,0
TCGA-4Z-AA7Q,1,-3.0266430377960205,-2.66067111492157,low,16.766939163208008,1,0
TCGA-4Z-AA7R,4,-2.9779889583587646,-2.559274435043335,low,17.161455154418945,0,1
TCGA-4Z-AA7S,1,-1.45900297164917,-2.66067111492157,high,34.980438232421875,1,0
TCGA-4Z-AA7W,3,-3.6135716438293457,-3.0431071519851685,low,27.61613655090332,1,0
TCGA-4Z-AA7Y,4,-3.0029780864715576,-2.559274435043335,low,50.03780746459961,1,0
TCGA-4Z-AA80,4,-3.5076045989990234,-2.559274435043335,low,0.6246507167816162,1,0
TCGA-4Z-AA81,3,-3.63287615776062,-3.0431071519851685,low,41.752967834472656,1,0
TCGA-4Z-AA82,3,-2.1103005409240723,-3.0431071519851685,high,51.15560531616211,0,1
TCGA-4Z-AA83,4,-3.3243918418884277,-2.559274435043335,low,66.54173278808594,1,0
TCGA-4Z-AA84,3,-0.3069189786911011,-3.0431071519851685,high,15.123122215270996,1,0
TCGA-4Z-AA86,0,-2.6430211067199707,-2.693316698074341,high,10.2245454788208,0,1
TCGA-4Z-AA87,4,-3.4460935592651367,-2.559274435043335,low,47.802215576171875,1,0
TCGA-4Z-AA89,3,-3.6380085945129395,-3.0431071519851685,low,33.82976531982422,1,0
TCGA-5N-A9KI,2,-1.6588122844696045,-3.287222743034363,high,2.498602867126465,1,0
TCGA-5N-A9KM,2,-3.302708625793457,-3.287222743034363,low,17.424467086791992,0,1
TCGA-BL-A0C8,4,-3.2757766246795654,-2.559274435043335,low,40.07627487182617,1,0
TCGA-BL-A13I,4,-0.347195029258728,-2.559274435043335,high,7.331426620483398,0,1
TCGA-BL-A13J,1,-1.1521586179733276,-2.66067111492157,high,2.662984609603882,0,1
TCGA-BL-A3JM,1,-1.0712369680404663,-2.66067111492157,high,6.739652156829834,0,1
TCGA-BL-A5ZZ,0,-2.634425640106201,-2.693316698074341,high,12.394384384155273,1,0
TCGA-BT-A0S7,2,-1.062535047531128,-3.287222743034363,high,6.575270175933838,0,1
TCGA-BT-A0YX,3,-1.1122950315475464,-3.0431071519851685,high,13.150540351867676,0,1
TCGA-BT-A20J,1,-2.9933226108551025,-2.66067111492157,low,19.03540802001953,0,1
TCGA-BT-A20N,2,-1.7021267414093018,-3.287222743034363,high,26.136699676513672,0,1
TCGA-BT-A20O,0,-2.6393165588378906,-2.693316698074341,high,12.164250373840332,0,1
TCGA-BT-A20P,2,-1.7412428855895996,-3.287222743034363,high,17.884735107421875,0,1
TCGA-BT-A20Q,4,-2.587740898132324,-2.559274435043335,low,19.495676040649414,0,1
TCGA-BT-A20R,3,-0.8521716594696045,-3.0431071519851685,high,5.062958240509033,0,1
TCGA-BT-A20T,3,-3.22760009765625,-3.0431071519851685,low,14.892987251281738,0,1
TCGA-BT-A20U,1,-0.02721627615392208,-2.66067111492157,high,14.958740234375,1,0
TCGA-BT-A20W,3,-3.2027812004089355,-3.0431071519851685,low,8.350593566894531,1,0
TCGA-BT-A2LA,3,-0.9008016586303711,-3.0431071519851685,high,17.161455154418945,1,0
TCGA-BT-A2LB,1,-3.283705711364746,-2.66067111492157,low,16.1751651763916,1,0
TCGA-BT-A2LD,3,-0.35765427350997925,-3.0431071519851685,high,20.48196792602539,0,1
TCGA-BT-A3PH,3,-0.3378095030784607,-3.0431071519851685,high,4.6684417724609375,0,1
TCGA-BT-A3PJ,2,-1.9193410873413086,-3.287222743034363,high,25.939441680908203,1,0
TCGA-BT-A3PK,2,-1.2578033208847046,-3.287222743034363,high,9.96153450012207,0,1
TCGA-BT-A42C,0,-2.7204487323760986,-2.693316698074341,low,28.7010555267334,1,0
TCGA-BT-A42E,3,-3.419874668121338,-3.0431071519851685,low,36.426998138427734,1,0
TCGA-BT-A42F,1,-1.8761372566223145,-2.66067111492157,high,28.405168533325195,1,0
TCGA-C4-A0EZ,4,-1.7652511596679688,-2.559274435043335,high,8.975244522094727,0,1
TCGA-C4-A0F0,0,-2.6371922492980957,-2.693316698074341,high,1.9397047758102417,1,0
TCGA-C4-A0F1,4,-0.35695093870162964,-2.559274435043335,high,2.925995349884033,1,0
TCGA-C4-A0F6,3,-1.8606061935424805,-3.0431071519851685,high,23.013446807861328,1,0
TCGA-C4-A0F7,1,-0.9900574088096619,-2.66067111492157,high,2.0383338928222656,0,1
TCGA-CF-A1HR,2,-3.3148343563079834,-3.287222743034363,low,12.788901329040527,1,0
TCGA-CF-A1HS,3,-1.2722094058990479,-3.0431071519851685,high,12.55876636505127,1,0
TCGA-CF-A27C,4,-3.4329237937927246,-2.559274435043335,low,13.97244930267334,1,0
TCGA-CF-A3MF,1,-1.7681297063827515,-2.66067111492157,high,12.591642379760742,1,0
TCGA-CF-A3MG,2,-2.9710874557495117,-3.287222743034363,high,12.13137435913086,1,0
TCGA-CF-A3MH,3,-3.6155850887298584,-3.0431071519851685,low,13.08478832244873,1,0
TCGA-CF-A3MI,2,-1.757778286933899,-3.287222743034363,high,12.164250373840332,1,0
TCGA-CF-A47S,0,-2.7361621856689453,-2.693316698074341,low,10.94782543182373,1,0
TCGA-CF-A47T,2,-1.7108513116836548,-3.287222743034363,high,12.657395362854004,0,1
TCGA-CF-A47V,4,-3.434649705886841,-2.559274435043335,low,12.460137367248535,1,0
TCGA-CF-A47W,1,-1.7488521337509155,-2.66067111492157,high,12.09849739074707,1,0
TCGA-CF-A47X,3,-3.569225311279297,-3.0431071519851685,low,12.624519348144531,1,0
TCGA-CF-A47Y,1,-2.982008934020996,-2.66067111492157,low,12.262879371643066,1,0
TCGA-CF-A5U8,0,-2.7337446212768555,-2.693316698074341,low,13.117664337158203,1,0
TCGA-CF-A5UA,0,-2.7300572395324707,-2.693316698074341,low,11.999868392944336,1,0
TCGA-CF-A7I0,3,-2.8009307384490967,-3.0431071519851685,high,12.09849739074707,1,0
TCGA-CF-A8HX,3,-3.4009997844696045,-3.0431071519851685,low,11.342341423034668,1,0
TCGA-CF-A8HY,4,-1.7685097455978394,-2.559274435043335,high,11.342341423034668,1,0
TCGA-CF-A9FF,1,-2.9290950298309326,-2.66067111492157,low,11.868363380432129,1,0
TCGA-CF-A9FH,1,-3.0038161277770996,-2.66067111492157,low,0.0,1,0
TCGA-CF-A9FL,3,-1.6167192459106445,-3.0431071519851685,high,18.575138092041016,0,1
TCGA-CF-A9FM,0,-2.7294411659240723,-2.693316698074341,low,13.08478832244873,1,0
TCGA-CU-A0YN,3,-1.3007361888885498,-3.0431071519851685,high,12.920406341552734,0,1
TCGA-CU-A0YO,4,-3.266227960586548,-2.559274435043335,low,4.898576259613037,0,1
TCGA-CU-A0YR,4,-3.0248255729675293,-2.559274435043335,low,15.123122215270996,0,1
TCGA-CU-A3KJ,2,-1.706613302230835,-3.287222743034363,high,18.47650909423828,1,0
TCGA-CU-A3YL,2,-3.311149835586548,-3.287222743034363,low,29.785974502563477,1,0
TCGA-CU-A5W6,2,-1.7604646682739258,-3.287222743034363,high,1.8410756587982178,1,0
TCGA-CU-A72E,2,-1.477786660194397,-3.287222743034363,high,13.577933311462402,0,1
TCGA-DK-A1A3,1,-0.5629905462265015,-2.66067111492157,high,21.862773895263672,0,1
TCGA-DK-A1A5,0,-2.6907944679260254,-2.693316698074341,high,2.136962890625,1,0
TCGA-DK-A1A6,3,-3.4767909049987793,-3.0431071519851685,low,66.41023254394531,1,0
TCGA-DK-A1A7,0,-2.7158446311950684,-2.693316698074341,low,18.410757064819336,1,0
TCGA-DK-A1AA,0,-2.7128500938415527,-2.693316698074341,low,19.002531051635742,1,0
TCGA-DK-A1AB,0,-2.6385202407836914,-2.693316698074341,high,16.701187133789062,0,1
TCGA-DK-A1AC,4,-3.3191304206848145,-2.559274435043335,low,130.88075256347656,1,0
TCGA-DK-A1AD,3,-3.1540651321411133,-3.0431071519851685,low,112.43712615966797,1,0
TCGA-DK-A1AE,4,-0.7955608367919922,-2.559274435043335,high,16.142288208007812,1,0
TCGA-DK-A1AF,1,-1.1702229976654053,-2.66067111492157,high,17.62172508239746,1,0
TCGA-DK-A1AG,2,-3.304865837097168,-3.287222743034363,low,15.616267204284668,1,0
TCGA-DK-A2HX,0,-2.6553430557250977,-2.693316698074341,high,46.68442153930664,1,0
TCGA-DK-A2I1,2,-2.0373287200927734,-3.287222743034363,high,17.950489044189453,1,0
TCGA-DK-A2I2,4,-0.5324989557266235,-2.559274435043335,high,7.791695594787598,0,1
TCGA-DK-A2I4,1,-2.9955406188964844,-2.66067111492157,low,142.78199768066406,1,0
TCGA-DK-A2I6,1,-0.17437633872032166,-2.66067111492157,high,87.31958770751953,1,0
TCGA-DK-A3IK,2,-3.2968103885650635,-3.287222743034363,low,4.799947261810303,1,0
TCGA-DK-A3IL,2,-2.6987528800964355,-3.287222743034363,high,13.577933311462402,1,0
TCGA-DK-A3IM,4,-0.523350715637207,-2.559274435043335,high,8.153335571289062,0,1
TCGA-DK-A3IN,4,-3.000976085662842,-2.559274435043335,low,8.219087600708008,1,0
TCGA-DK-A3IQ,4,-0.5288968682289124,-2.559274435043335,high,17.720354080200195,0,1
TCGA-DK-A3IS,2,-1.7555577754974365,-3.287222743034363,high,50.267940521240234,1,0
TCGA-DK-A3IT,1,-0.6253669857978821,-2.66067111492157,high,21.303876876831055,1,0
TCGA-DK-A3IU,1,-3.0302491188049316,-2.66067111492157,low,23.210704803466797,0,1
TCGA-DK-A3IV,3,-3.365522861480713,-3.0431071519851685,low,9.665647506713867,0,1
TCGA-DK-A3WW,1,-3.22591495513916,-2.66067111492157,low,20.81072998046875,1,0
TCGA-DK-A3WX,2,-1.449342966079712,-3.287222743034363,high,10.553309440612793,0,1
TCGA-DK-A3WY,0,-2.6469483375549316,-2.693316698074341,high,163.29684448242188,1,0
TCGA-DK-A3X1,1,-1.7769423723220825,-2.66067111492157,high,66.04859161376953,1,0
TCGA-DK-A3X2,4,-0.9483968019485474,-2.559274435043335,high,17.98336410522461,0,1
TCGA-DK-A6AV,4,-3.188220977783203,-2.559274435043335,low,64.17463684082031,1,0
TCGA-DK-A6AW,0,-2.7217745780944824,-2.693316698074341,low,53.29256820678711,1,0
TCGA-DK-A6B0,3,-3.644216537475586,-3.0431071519851685,low,76.60189819335938,1,0
TCGA-DK-A6B1,0,-2.7246932983398438,-2.693316698074341,low,67.3636474609375,1,0
TCGA-DK-A6B2,0,-2.7151219844818115,-2.693316698074341,low,15.68202018737793,1,0
TCGA-DK-A6B5,2,-3.3148529529571533,-3.287222743034363,low,50.695335388183594,1,0
TCGA-DK-A6B6,0,-2.7338943481445312,-2.693316698074341,low,36.65713119506836,1,0
TCGA-E5-A2PC,2,-1.4658845663070679,-3.287222743034363,high,43.59404373168945,1,0
TCGA-E5-A4TZ,0,-2.6481263637542725,-2.693316698074341,high,15.353256225585938,0,1
TCGA-E5-A4U1,4,-3.446842670440674,-2.559274435043335,low,38.82697296142578,1,0
TCGA-E7-A3X6,4,-2.9826221466064453,-2.559274435043335,low,29.72022247314453,0,1
TCGA-E7-A3Y1,2,-3.3043675422668457,-3.287222743034363,low,5.358845233917236,1,0
TCGA-E7-A4IJ,3,-3.6227197647094727,-3.0431071519851685,low,22.158660888671875,0,1
TCGA-E7-A4XJ,1,-0.002320107538253069,-2.66067111492157,high,2.2355918884277344,1,0
TCGA-E7-A519,3,-3.631472587585449,-3.0431071519851685,low,16.701187133789062,1,0
TCGA-E7-A541,3,-3.5603864192962646,-3.0431071519851685,low,25.577802658081055,1,0
TCGA-E7-A5KE,4,-3.4090986251831055,-2.559274435043335,low,0.5588979721069336,1,0
TCGA-E7-A5KF,4,-3.507206916809082,-2.559274435043335,low,0.6575270295143127,1,0
TCGA-E7-A677,1,-3.937295436859131,-2.66067111492157,low,26.958608627319336,1,0
TCGA-E7-A678,4,-3.45839786529541,-2.559274435043335,low,26.235328674316406,1,0
TCGA-E7-A6MD,0,-2.676926612854004,-2.693316698074341,high,4.241049289703369,1,0
TCGA-E7-A6ME,3,-3.259796380996704,-3.0431071519851685,low,24.03261375427246,1,0
TCGA-E7-A6MF,0,-2.679276466369629,-2.693316698074341,high,24.657264709472656,1,0
TCGA-E7-A7DU,3,-3.622722625732422,-3.0431071519851685,low,0.9205378293991089,1,0
TCGA-E7-A7DV,3,-3.265026330947876,-3.0431071519851685,low,1.2164250612258911,1,0
TCGA-E7-A7PW,4,-3.4089417457580566,-2.559274435043335,low,13.676562309265137,1,0
TCGA-E7-A7XN,0,-2.683290481567383,-2.693316698074341,high,14.071078300476074,1,0
TCGA-E7-A85H,4,-3.4408278465270996,-2.559274435043335,low,12.953282356262207,1,0
TCGA-E7-A8O7,3,-3.573184013366699,-3.0431071519851685,low,15.320380210876465,1,0
TCGA-E7-A97P,2,-3.2914490699768066,-3.287222743034363,low,14.366966247558594,1,0
TCGA-E7-A97Q,0,-2.7250256538391113,-2.693316698074341,low,8.0875825881958,0,1
TCGA-FD-A3B3,4,-1.613724946975708,-2.559274435043335,high,32.021568298339844,1,0
TCGA-FD-A3B4,3,-2.446780204772949,-3.0431071519851685,high,16.766939163208008,0,1
TCGA-FD-A3B5,0,-2.6375722885131836,-2.693316698074341,high,8.942367553710938,0,1
TCGA-FD-A3B6,2,-1.7494189739227295,-3.287222743034363,high,33.040733337402344,1,0
TCGA-FD-A3B7,4,-0.9566843509674072,-2.559274435043335,high,4.0109148025512695,0,1
TCGA-FD-A3B8,0,-2.6376686096191406,-2.693316698074341,high,12.624519348144531,1,0
TCGA-FD-A3N5,1,-1.2506482601165771,-2.66067111492157,high,22.520301818847656,0,1
TCGA-FD-A3N6,4,-0.356961190700531,-2.559274435043335,high,27.97777557373047,1,0
TCGA-FD-A3NA,0,-2.708850383758545,-2.693316698074341,low,60.65686798095703,1,0
TCGA-FD-A3SJ,0,-2.6979212760925293,-2.693316698074341,low,24.295623779296875,0,1
TCGA-FD-A3SL,0,-2.6833386421203613,-2.693316698074341,high,23.407962799072266,0,1
TCGA-FD-A3SM,3,-1.9429068565368652,-3.0431071519851685,high,17.98336410522461,0,1
TCGA-FD-A3SN,0,-2.6974053382873535,-2.693316698074341,low,29.16132354736328,1,0
TCGA-FD-A3SO,1,-2.4668960571289062,-2.66067111492157,high,5.523227214813232,0,1
TCGA-FD-A3SP,2,-2.3953585624694824,-3.287222743034363,high,25.742183685302734,1,0
TCGA-FD-A3SQ,2,-3.3157904148101807,-3.287222743034363,low,46.783050537109375,0,1
TCGA-FD-A3SR,1,-1.7128958702087402,-2.66067111492157,high,19.791563034057617,0,1
TCGA-FD-A3SS,3,-0.9528627395629883,-3.0431071519851685,high,12.854653358459473,0,1
TCGA-FD-A43N,4,-2.5553948879241943,-2.559274435043335,high,22.98056983947754,1,0
TCGA-FD-A43P,2,-3.314602851867676,-3.287222743034363,low,27.353124618530273,1,0
TCGA-FD-A43S,2,-3.292551279067993,-3.287222743034363,low,14.958740234375,1,0
TCGA-FD-A43U,4,-2.4474148750305176,-2.559274435043335,high,20.909358978271484,1,0
TCGA-FD-A43X,3,-3.4348373413085938,-3.0431071519851685,low,3.616398811340332,1,0
TCGA-FD-A43Y,2,-1.4505977630615234,-3.287222743034363,high,15.583391189575195,1,0
TCGA-FD-A5BR,3,-3.069521903991699,-3.0431071519851685,low,26.728473663330078,1,0
TCGA-FD-A5BS,0,-2.67795467376709,-2.693316698074341,high,53.884342193603516,1,0
TCGA-FD-A5BT,1,-0.011114424094557762,-2.66067111492157,high,10.783443450927734,1,0
TCGA-FD-A5BU,2,-1.7477349042892456,-3.287222743034363,high,19.331295013427734,1,0
TCGA-FD-A5BV,3,-2.1035099029541016,-3.0431071519851685,high,5.358845233917236,0,1
TCGA-FD-A5BX,1,-1.092504620552063,-2.66067111492157,high,5.68760871887207,0,1
TCGA-FD-A5BY,4,-0.9708468914031982,-2.559274435043335,high,8.251964569091797,1,0
TCGA-FD-A5BZ,0,-2.652141571044922,-2.693316698074341,high,27.451753616333008,0,1
TCGA-FD-A5C0,2,-2.9656870365142822,-3.287222743034363,high,18.081993103027344,0,1
TCGA-FD-A5C1,4,-0.979670524597168,-2.559274435043335,high,58.91442108154297,1,0
TCGA-FD-A62N,3,-3.387664318084717,-3.0431071519851685,low,2.6958608627319336,1,0
TCGA-FD-A62O,1,-1.3183894157409668,-2.66067111492157,high,7.101292133331299,1,0
TCGA-FD-A62P,2,-1.4554747343063354,-3.287222743034363,high,6.279383182525635,0,1
TCGA-FD-A62S,1,-0.0061406600289046764,-2.66067111492157,high,13.347799301147461,0,1
TCGA-FD-A6TA,4,-3.0283799171447754,-2.559274435043335,low,62.85958480834961,1,0
TCGA-FD-A6TB,1,-3.007845878601074,-2.66067111492157,low,18.805273056030273,1,0
TCGA-FD-A6TC,1,-2.679257869720459,-2.66067111492157,low,6.1478776931762695,1,0
TCGA-FD-A6TD,3,-1.2498373985290527,-3.0431071519851685,high,12.690272331237793,1,0
TCGA-FD-A6TE,4,-2.997772216796875,-2.559274435043335,low,12.3615083694458,1,0
TCGA-FD-A6TF,2,-0.7585774660110474,-3.287222743034363,high,2.2684683799743652,1,0
TCGA-FD-A6TG,2,-2.6450960636138916,-3.287222743034363,high,3.0575008392333984,1,0
TCGA-FD-A6TH,4,-0.7936732769012451,-2.559274435043335,high,4.306802272796631,0,1
TCGA-FD-A6TI,1,-1.24281907081604,-2.66067111492157,high,9.665647506713867,1,0
TCGA-FD-A6TK,4,-1.7771549224853516,-2.559274435043335,high,10.849196434020996,1,0
TCGA-FJ-A3Z7,4,-2.9509129524230957,-2.559274435043335,low,31.068153381347656,1,0
TCGA-FJ-A3Z9,1,-3.921286106109619,-2.66067111492157,low,12.657395362854004,1,0
TCGA-FJ-A3ZE,1,-1.8269829750061035,-2.66067111492157,high,10.651938438415527,0,1
TCGA-FJ-A3ZF,0,-2.731844902038574,-2.693316698074341,low,17.227209091186523,1,0
TCGA-FJ-A871,3,-0.40165480971336365,-3.0431071519851685,high,8.942367553710938,0,1
TCGA-FT-A3EE,3,-0.9202510118484497,-3.0431071519851685,high,3.254758834838867,1,0
TCGA-FT-A61P,2,-1.7053799629211426,-3.287222743034363,high,11.079330444335938,1,0
TCGA-G2-A2EC,1,-2.8987245559692383,-2.66067111492157,low,22.881940841674805,0,1
TCGA-G2-A2EF,0,-2.6509039402008057,-2.693316698074341,high,61.939048767089844,1,0
TCGA-G2-A2EJ,0,-2.6425271034240723,-2.693316698074341,high,47.999473571777344,1,0
TCGA-G2-A2EK,4,-3.497750759124756,-2.559274435043335,low,15.94503116607666,1,0
TCGA-G2-A2EL,1,-1.3437436819076538,-2.66067111492157,high,26.925731658935547,0,1
TCGA-G2-A2EO,3,-3.4369864463806152,-3.0431071519851685,low,59.30894088745117,1,0
TCGA-G2-A2ES,3,-2.6594109535217285,-3.0431071519851685,high,33.00785827636719,0,1
TCGA-G2-A3IB,0,-2.6368911266326904,-2.693316698074341,high,7.232797622680664,0,1
TCGA-G2-A3IE,3,-3.6282918453216553,-3.0431071519851685,low,20.12032699584961,0,1
TCGA-G2-A3VY,3,-3.336015462875366,-3.0431071519851685,low,17.62172508239746,1,0
TCGA-G2-AA3B,2,-3.314689874649048,-3.287222743034363,low,66.01571655273438,1,0
TCGA-G2-AA3C,3,-0.6097093820571899,-3.0431071519851685,high,6.936910152435303,0,1
TCGA-G2-AA3D,2,-3.328850507736206,-3.287222743034363,low,70.32251739501953,1,0
TCGA-G2-AA3F,1,-3.746544599533081,-2.66067111492157,low,29.35858154296875,1,0
TCGA-GC-A3BM,0,-2.6569294929504395,-2.693316698074341,high,21.40250587463379,0,1
TCGA-GC-A3I6,0,-2.6477882862091064,-2.693316698074341,high,20.712100982666016,0,1
TCGA-GC-A3OO,3,-3.216653347015381,-3.0431071519851685,low,15.813525199890137,1,0
TCGA-GC-A3RB,2,-3.2895054817199707,-3.287222743034363,low,19.134037017822266,1,0
TCGA-GC-A3RC,0,-2.6382410526275635,-2.693316698074341,high,15.912154197692871,1,0
TCGA-GC-A3RD,4,-2.9391775131225586,-2.559274435043335,low,14.071078300476074,1,0
TCGA-GC-A3WC,0,-2.6344757080078125,-2.693316698074341,high,17.753231048583984,1,0
TCGA-GC-A3YS,0,-2.638667583465576,-2.693316698074341,high,24.92027473449707,1,0
TCGA-GC-A4ZW,0,-2.6821041107177734,-2.693316698074341,high,0.49314528703689575,1,0
TCGA-GC-A6I1,0,-2.659862518310547,-2.693316698074341,high,8.942367553710938,1,0
TCGA-GC-A6I3,1,-1.0399521589279175,-2.66067111492157,high,13.906697273254395,1,0
TCGA-GD-A2C5,2,-1.4423058032989502,-3.287222743034363,high,26.695598602294922,1,0
TCGA-GD-A3OP,3,-3.2039716243743896,-3.0431071519851685,low,2.1040866374969482,1,0
TCGA-GD-A3OQ,2,-1.5999197959899902,-3.287222743034363,high,3.123253345489502,1,0
TCGA-GD-A3OS,4,-1.7633531093597412,-2.559274435043335,high,20.975112915039062,1,0
TCGA-GD-A6C6,1,-1.004839539527893,-2.66067111492157,high,2.2027156352996826,1,0
TCGA-GD-A76B,1,-3.9575693607330322,-2.66067111492157,low,7.364302635192871,1,0
TCGA-GU-A42P,0,-2.716154098510742,-2.693316698074341,low,10.914948463439941,1,0
TCGA-GU-A42Q,4,-0.36776867508888245,-2.559274435043335,high,11.309465408325195,1,0
TCGA-GU-A42R,2,-3.2473864555358887,-3.287222743034363,high,18.969655990600586,0,1
TCGA-GU-A762,2,-1.4239957332611084,-3.287222743034363,high,7.627313613891602,0,1
TCGA-GU-A763,3,-3.6240158081054688,-3.0431071519851685,low,32.7777214050293,1,0
TCGA-GU-A764,0,-2.648308515548706,-2.693316698074341,high,20.054574966430664,1,0
TCGA-GU-A766,3,-3.593428134918213,-3.0431071519851685,low,15.780649185180664,1,0
TCGA-GU-A767,1,-1.0765751600265503,-2.66067111492157,high,4.734194755554199,0,1
TCGA-GU-AATO,0,-2.719327449798584,-2.693316698074341,low,10.651938438415527,0,1
TCGA-GU-AATP,4,-2.4042437076568604,-2.559274435043335,high,32.974979400634766,1,0
TCGA-GU-AATQ,3,-1.1108765602111816,-3.0431071519851685,high,7.0026631355285645,0,1
TCGA-GV-A3JV,1,-3.2294209003448486,-2.66067111492157,low,14.26833724975586,0,1
TCGA-GV-A3JW,1,-3.83614182472229,-2.66067111492157,low,21.33675193786621,1,0
TCGA-GV-A3JX,4,-3.431044340133667,-2.559274435043335,low,19.101160049438477,1,0
TCGA-GV-A3JZ,3,-3.107947826385498,-3.0431071519851685,low,19.824440002441406,1,0
TCGA-GV-A3QF,1,-3.903843402862549,-2.66067111492157,low,20.284709930419922,1,0
TCGA-GV-A3QH,1,-3.892984390258789,-2.66067111492157,low,8.482098579406738,1,0
TCGA-GV-A3QI,3,-2.0631327629089355,-3.0431071519851685,high,36.49275207519531,1,0
TCGA-GV-A3QK,2,-3.31548810005188,-3.287222743034363,low,27.353124618530273,1,0
TCGA-GV-A40E,0,-2.655259847640991,-2.693316698074341,high,8.580727577209473,0,1
TCGA-GV-A40G,4,-3.4503731727600098,-2.559274435043335,low,19.06828498840332,1,0
TCGA-GV-A6ZA,0,-2.733232259750366,-2.693316698074341,low,22.717559814453125,1,0
TCGA-H4-A2HO,2,-3.293384552001953,-3.287222743034363,low,1.5123121738433838,1,0
TCGA-H4-A2HQ,1,-3.1242055892944336,-2.66067111492157,low,19.39704704284668,1,0
TCGA-HQ-A2OE,3,-2.2391364574432373,-3.0431071519851685,high,38.59683609008789,1,0
TCGA-HQ-A2OF,1,-2.9853997230529785,-2.66067111492157,low,64.01025390625,1,0
TCGA-HQ-A5ND,3,-3.2680792808532715,-3.0431071519851685,low,9.0081205368042,0,1
TCGA-HQ-A5NE,3,-3.218019962310791,-3.0431071519851685,low,12.164250373840332,0,1
TCGA-K4-A3WS,1,-3.287177801132202,-2.66067111492157,low,25.018903732299805,1,0
TCGA-K4-A3WU,3,-2.886979103088379,-3.0431071519851685,high,3.452017068862915,1,0
TCGA-K4-A3WV,0,-2.6398448944091797,-2.693316698074341,high,21.238122940063477,1,0
TCGA-K4-A4AB,0,-2.6514601707458496,-2.693316698074341,high,2.761613607406616,1,0
TCGA-K4-A4AC,1,-0.7225024104118347,-2.66067111492157,high,9.139625549316406,0,1
TCGA-K4-A54R,0,-2.710533857345581,-2.693316698074341,low,27.681888580322266,1,0
TCGA-K4-A5RH,2,-1.6795825958251953,-3.287222743034363,high,9.073873519897461,1,0
TCGA-K4-A5RI,2,-1.7216553688049316,-3.287222743034363,high,11.703981399536133,0,1
TCGA-K4-A5RJ,0,-2.680694103240967,-2.693316698074341,high,17.720354080200195,1,0
TCGA-K4-A6FZ,2,-2.9429826736450195,-3.287222743034363,high,1.808199405670166,1,0
TCGA-K4-A6MB,4,-2.4457943439483643,-2.559274435043335,high,15.4190092086792,1,0
TCGA-K4-A83P,2,-3.3158438205718994,-3.287222743034363,low,16.273794174194336,1,0
TCGA-K4-AAQO,0,-2.664402723312378,-2.693316698074341,high,11.802610397338867,1,0
TCGA-LC-A66R,1,-1.1609567403793335,-2.66067111492157,high,15.320380210876465,1,0
TCGA-LT-A5Z6,3,-3.4541125297546387,-3.0431071519851685,low,15.583391189575195,1,0
TCGA-LT-A8JT,3,-3.5507709980010986,-3.0431071519851685,low,21.073741912841797,1,0
TCGA-MV-A51V,3,-3.5688366889953613,-3.0431071519851685,low,13.479304313659668,1,0
TCGA-PQ-A6FI,0,-2.640160083770752,-2.693316698074341,high,12.230003356933594,1,0
TCGA-PQ-A6FN,2,-0.8570702075958252,-3.287222743034363,high,16.668310165405273,1,0
TCGA-S5-A6DX,2,-1.7517001628875732,-3.287222743034363,high,1.8410756587982178,0,1
TCGA-S5-AA26,2,-3.316384792327881,-3.287222743034363,low,16.53680419921875,1,0
TCGA-SY-A9G0,0,-2.646850109100342,-2.693316698074341,high,33.13936233520508,1,0
TCGA-SY-A9G5,4,-2.5291457176208496,-2.559274435043335,high,38.99135208129883,1,0
TCGA-UY-A78K,1,-3.44287109375,-2.66067111492157,low,17.62172508239746,0,1
TCGA-UY-A78L,2,-0.9945085644721985,-3.287222743034363,high,37.0516471862793,1,0
TCGA-UY-A78M,4,-2.4471194744110107,-2.559274435043335,high,22.684682846069336,0,1
TCGA-UY-A78N,0,-2.698847770690918,-2.693316698074341,low,86.82644653320312,0,1
TCGA-UY-A78O,3,-3.1695847511291504,-3.0431071519851685,low,76.01012420654297,1,0
TCGA-UY-A78P,1,-3.8894143104553223,-2.66067111492157,low,78.24571990966797,1,0
TCGA-UY-A8OB,4,-0.5992329120635986,-2.559274435043335,high,69.33622741699219,1,0
TCGA-UY-A8OC,0,-2.638241767883301,-2.693316698074341,high,3.0246243476867676,0,1
TCGA-UY-A8OD,1,-2.5971646308898926,-2.66067111492157,high,112.8316421508789,1,0
TCGA-UY-A9PA,3,-3.601092576980591,-3.0431071519851685,low,35.24345016479492,1,0
TCGA-UY-A9PB,4,-2.4684901237487793,-2.559274435043335,high,29.55583953857422,1,0
TCGA-UY-A9PD,1,-1.8187869787216187,-2.66067111492157,high,17.81898307800293,1,0
TCGA-UY-A9PE,4,-3.4290473461151123,-2.559274435043335,low,6.213630676269531,1,0
TCGA-UY-A9PF,0,-2.7300169467926025,-2.693316698074341,low,3.8465332984924316,1,0
TCGA-UY-A9PH,1,-3.959291458129883,-2.66067111492157,low,51.319984436035156,1,0
TCGA-XF-A8HB,1,-3.8602359294891357,-2.66067111492157,low,45.04060363769531,1,0
TCGA-XF-A8HC,0,-2.7318923473358154,-2.693316698074341,low,6.575270175933838,0,1
TCGA-XF-A8HD,3,-3.5818963050842285,-3.0431071519851685,low,97.44551086425781,1,0
TCGA-XF-A8HE,0,-2.6387932300567627,-2.693316698074341,high,125.4890365600586,1,0
TCGA-XF-A8HF,1,-1.0403392314910889,-2.66067111492157,high,97.11674499511719,1,0
TCGA-XF-A8HG,2,-3.291902542114258,-3.287222743034363,low,15.353256225585938,0,1
TCGA-XF-A8HH,3,-1.156194806098938,-3.0431071519851685,high,1.873952031135559,0,1
TCGA-XF-A8HI,0,-2.7110793590545654,-2.693316698074341,low,17.884735107421875,0,1
TCGA-XF-A9SH,3,-3.3324108123779297,-3.0431071519851685,low,64.7992935180664,0,1
TCGA-XF-A9SI,2,-3.315338373184204,-3.287222743034363,low,79.6594009399414,1,0
TCGA-XF-A9SJ,2,-1.3330752849578857,-3.287222743034363,high,3.2218825817108154,0,1
TCGA-XF-A9SK,0,-2.69412899017334,-2.693316698074341,low,15.977907180786133,0,1
TCGA-XF-A9SL,4,-2.5080742835998535,-2.559274435043335,high,66.41023254394531,1,0
TCGA-XF-A9SM,4,-1.8445078134536743,-2.559274435043335,high,34.45441818237305,1,0
TCGA-XF-A9SP,4,-2.4881978034973145,-2.559274435043335,high,14.925864219665527,0,1
TCGA-XF-A9ST,0,-2.6490566730499268,-2.693316698074341,high,4.2081732749938965,0,1
TCGA-XF-A9SU,4,-0.9315157532691956,-2.559274435043335,high,5.983496189117432,0,1
TCGA-XF-A9SV,4,-2.9389595985412598,-2.559274435043335,low,12.756024360656738,0,1
TCGA-XF-A9SW,2,-1.8142399787902832,-3.287222743034363,high,11.901239395141602,0,1
TCGA-XF-A9SX,4,-0.5741503238677979,-2.559274435043335,high,23.638097763061523,0,1
TCGA-XF-A9SY,1,-0.9833049178123474,-2.66067111492157,high,21.040864944458008,1,0
TCGA-XF-A9SZ,3,-0.9609276056289673,-3.0431071519851685,high,28.240785598754883,0,1
TCGA-XF-A9T0,0,-2.724071502685547,-2.693316698074341,low,26.268205642700195,1,0
TCGA-XF-A9T2,1,-2.741374969482422,-2.66067111492157,low,18.903902053833008,0,1
TCGA-XF-A9T3,0,-2.639113426208496,-2.693316698074341,high,2.2355918884277344,1,0
TCGA-XF-A9T4,0,-2.6451330184936523,-2.693316698074341,high,16.273794174194336,0,1
TCGA-XF-A9T5,4,-1.849165678024292,-2.559274435043335,high,66.64036560058594,1,0
TCGA-XF-A9T6,3,-1.938814401626587,-3.0431071519851685,high,2.1040866374969482,1,0
TCGA-XF-A9T8,0,-2.640777349472046,-2.693316698074341,high,13.742315292358398,0,1
TCGA-XF-AAME,2,-2.9701766967773438,-3.287222743034363,high,92.97432708740234,0,1
TCGA-XF-AAMG,0,-2.694228172302246,-2.693316698074341,low,110.5960464477539,1,0
TCGA-XF-AAMH,2,-0.7695674896240234,-3.287222743034363,high,11.309465408325195,0,1
TCGA-XF-AAMJ,2,-3.3014681339263916,-3.287222743034363,low,54.903507232666016,1,0
TCGA-XF-AAML,4,-3.4355051517486572,-2.559274435043335,low,7.627313613891602,1,0
TCGA-XF-AAMQ,3,-3.213195562362671,-3.0431071519851685,low,71.57181549072266,1,0
TCGA-XF-AAMR,1,-2.9659571647644043,-2.66067111492157,low,91.72502136230469,1,0
TCGA-XF-AAMT,2,-1.0711522102355957,-3.287222743034363,high,2.958871603012085,0,1
TCGA-XF-AAMW,4,-0.9524861574172974,-2.559274435043335,high,8.317716598510742,0,1
TCGA-XF-AAMX,4,-3.2906975746154785,-2.559274435043335,low,6.772528648376465,1,0
TCGA-XF-AAMY,1,-3.914949417114258,-2.66067111492157,low,98.9906997680664,1,0
TCGA-XF-AAMZ,4,-3.4504690170288086,-2.559274435043335,low,44.31732177734375,0,1
TCGA-XF-AAN0,3,-2.4278130531311035,-3.0431071519851685,high,56.481571197509766,0,1
TCGA-XF-AAN1,1,-2.5092592239379883,-2.66067111492157,high,30.936647415161133,0,1
TCGA-XF-AAN2,2,-3.2380194664001465,-3.287222743034363,high,61.44590377807617,1,0
TCGA-XF-AAN3,4,-1.8700610399246216,-2.559274435043335,high,86.30042266845703,1,0
TCGA-XF-AAN4,2,-3.2803006172180176,-3.287222743034363,high,27.05723762512207,1,0
TCGA-XF-AAN5,3,-2.2809958457946777,-3.0431071519851685,high,75.3854751586914,1,0
TCGA-XF-AAN7,0,-2.6409735679626465,-2.693316698074341,high,18.575138092041016,0,1
TCGA-XF-AAN8,0,-2.6437087059020996,-2.693316698074341,high,3.8794095516204834,0,1
TCGA-YC-A89H,1,-1.9387645721435547,-2.66067111492157,high,18.838150024414062,1,0
TCGA-YC-A8S6,3,-2.8450701236724854,-3.0431071519851685,high,9.632771492004395,1,0
TCGA-YC-A9TC,3,-0.3026256561279297,-3.0431071519851685,high,0.6575270295143127,0,1
TCGA-YF-AA3L,1,-1.4979231357574463,-2.66067111492157,high,11.966992378234863,1,0
TCGA-YF-AA3M,4,-1.8390568494796753,-2.559274435043335,high,13.643686294555664,1,0
TCGA-ZF-A9R0,1,-1.468064546585083,-2.66067111492157,high,22.355918884277344,0,1
TCGA-ZF-A9R1,2,-2.9482812881469727,-3.287222743034363,high,25.413419723510742,1,0
TCGA-ZF-A9R2,2,-2.901845932006836,-3.287222743034363,high,21.106618881225586,1,0
TCGA-ZF-A9R3,2,-3.316335678100586,-3.287222743034363,low,31.199657440185547,0,1
TCGA-ZF-A9R4,1,-3.919431209564209,-2.66067111492157,low,30.27911949157715,1,0
TCGA-ZF-A9R5,4,-3.5026702880859375,-2.559274435043335,low,35.83522415161133,1,0
TCGA-ZF-A9R7,2,-3.3138504028320312,-3.287222743034363,low,21.862773895263672,1,0
TCGA-ZF-A9R9,4,-2.571894884109497,-2.559274435043335,low,28.405168533325195,0,1
TCGA-ZF-A9RC,0,-2.714191436767578,-2.693316698074341,low,94.28937530517578,1,0
TCGA-ZF-A9RD,4,-0.5981561541557312,-2.559274435043335,high,13.413551330566406,0,1
TCGA-ZF-A9RE,0,-2.6429476737976074,-2.693316698074341,high,3.484893321990967,0,1
TCGA-ZF-A9RF,0,-2.673513889312744,-2.693316698074341,high,64.07601165771484,1,0
TCGA-ZF-A9RL,0,-2.7341530323028564,-2.693316698074341,low,88.86477661132812,1,0
TCGA-ZF-A9RM,3,-3.478762149810791,-3.0431071519851685,low,47.83509063720703,1,0
TCGA-ZF-A9RN,1,-2.9782371520996094,-2.66067111492157,low,20.218955993652344,0,1
TCGA-ZF-AA4N,4,-0.5900182723999023,-2.559274435043335,high,2.8931190967559814,0,1
TCGA-ZF-AA4R,2,-3.256925582885742,-3.287222743034363,high,34.05990219116211,0,1
TCGA-ZF-AA4T,1,-3.959700345993042,-2.66067111492157,low,19.692934036254883,0,1
TCGA-ZF-AA4U,1,-2.9637396335601807,-2.66067111492157,low,8.613604545593262,0,1
TCGA-ZF-AA4V,3,-1.2546677589416504,-3.0431071519851685,high,59.374691009521484,1,0
TCGA-ZF-AA4W,2,-1.2997260093688965,-3.287222743034363,high,60.16372299194336,1,0
TCGA-ZF-AA4X,1,-3.871952533721924,-2.66067111492157,low,67.19926452636719,1,0
TCGA-ZF-AA51,1,-2.963594436645508,-2.66067111492157,low,56.350067138671875,1,0
TCGA-ZF-AA52,0,-2.701429843902588,-2.693316698074341,low,35.40782928466797,0,1
TCGA-ZF-AA53,2,-0.8434054255485535,-3.287222743034363,high,57.89525604248047,1,0
TCGA-ZF-AA54,2,-1.041379451751709,-3.287222743034363,high,19.39704704284668,0,1
TCGA-ZF-AA58,3,-3.042297601699829,-3.0431071519851685,high,54.213104248046875,1,0
TCGA-ZF-AA5H,0,-2.6457269191741943,-2.693316698074341,high,29.490087509155273,1,0
TCGA-ZF-AA5N,4,-0.3498270511627197,-2.559274435043335,high,5.523227214813232,0,1
TCGA-ZF-AA5P,1,-3.7228221893310547,-2.66067111492157,low,12.230003356933594,1,0
